<?xml version="1.0" encoding="utf-8" ?>
<dwsync>
<file name="close.png" server="D:/webapps/htdocs/retailwarehouse/" local="129664887189747253" remote="129664887180000000" />
<file name="next.png" server="D:/webapps/htdocs/retailwarehouse/" local="129664887189607245" remote="129664887180000000" />
<file name="previous.png" server="D:/webapps/htdocs/retailwarehouse/" local="129664887189367232" remote="129664887180000000" />
<file name="play.png" server="D:/webapps/htdocs/retailwarehouse/" local="129664887189357231" remote="129664887180000000" />
<file name="pause.png" server="D:/webapps/htdocs/retailwarehouse/" local="129664887189557242" remote="129664887180000000" />
<file name="close.png" server="192.168.0.224//D:/webapps/htdocs/retailwarehouse/" local="129666650910000000" remote="129666650910000000" />
<file name="next.png" server="192.168.0.224//D:/webapps/htdocs/retailwarehouse/" local="129666650910000000" remote="129666650910000000" />
<file name="previous.png" server="192.168.0.224//D:/webapps/htdocs/retailwarehouse/" local="129666650910000000" remote="129666650910000000" />
<file name="play.png" server="192.168.0.224//D:/webapps/htdocs/retailwarehouse/" local="129666650910000000" remote="129666650910000000" />
<file name="pause.png" server="192.168.0.224//D:/webapps/htdocs/retailwarehouse/" local="129666650910000000" remote="129666650910000000" />
</dwsync>